id,kind,x_mm_from_left,y_mm_from_top,hole_diameter_mm
M1,mounting,7.650,3.001,3.2
M2,mounting,43.210,3.001,3.2
M3,mounting,7.650,125.501,3.2
M4,mounting,43.210,125.501,3.2
P1,pot,7.770,18.530,9
P2,pot,43.330,18.530,9
P3,pot,25.169,28.690,9
P4,pot,7.770,39.485,9
P5,pot,43.330,39.485,9
P6,pot,25.169,49.328,9
P7,pot,43.330,60.440,9
LED1,led,17.295,19.800,3
LED2,led,22.375,19.800,3
LED3,led,29.360,19.800,3
LED4,led,34.440,19.800,3
SW1,toggle,8.405,57.900,5.08
SW2,toggle,8.405,67.425,5.08
BTN,button,26.185,69.330,5.334
J1,jack,5.230,83.300,6.8
J2,jack,18.565,83.300,6.8
J3,jack,31.900,83.300,6.8
J4,jack,44.600,83.300,6.8
J5,jack,5.230,97.270,6.8
J6,jack,18.565,97.270,6.8
J7,jack,31.900,97.270,6.8
J8,jack,44.600,97.270,6.8
J9,jack,5.230,111.240,6.8
J10,jack,18.565,111.240,6.8
J11,jack,31.900,111.240,6.8
J12,jack,44.600,111.240,6.8
